[
	{
		"id": 38,
		"text": "Levels",
		"url": "#",
		"menu_items": "custom",
		"icon": null,
		"type": "link",
		"class": null,
		"parent_id": 0,
		"sort": 1
	},
	{
		"id": 51,
		"text": "Blog",
		"url": "blog",
		"menu_items": "#",
		"icon": null,
		"type": "link",
		"class": null,
		"parent_id": 0,
		"sort": 6
	},
	{
		"id": 52,
		"text": "Report Links",
		"url": "report",
		"menu_items": "#",
		"icon": null,
		"type": "link",
		"class": null,
		"parent_id": 0,
		"sort": 7
	},
	{
		"id": 53,
		"text": "Contact",
		"url": "contact",
		"menu_items": "#",
		"icon": null,
		"type": "link",
		"class": null,
		"parent_id": 0,
		"sort": 8
	},
	{
		"id": 54,
		"text": "Buy Now",
		"url": "#",
		"menu_items": "custom",
		"icon": "fas fa-shopping-basket",
		"type": "button",
		"class": "btn-primary",
		"parent_id": 0,
		"sort": 9
	},
	{
		"id": 59,
		"text": "Hello 2",
		"url": "#",
		"menu_items": "custom",
		"icon": "fas fa-adjust",
		"type": "link",
		"class": null,
		"parent_id": 58,
		"sort": 17
	},
	{
		"id": 61,
		"text": "Level 2",
		"url": "#",
		"menu_items": "custom",
		"icon": null,
		"type": "link",
		"class": null,
		"parent_id": 38,
		"sort": 2
	},
	{
		"id": 62,
		"text": "Level 2 with child",
		"url": "#",
		"menu_items": "custom",
		"icon": null,
		"type": "link",
		"class": null,
		"parent_id": 38,
		"sort": 3
	},
	{
		"id": 63,
		"text": "Level 3",
		"url": "#",
		"menu_items": "custom",
		"icon": null,
		"type": "link",
		"class": null,
		"parent_id": 62,
		"sort": 4
	}
]