[
	{
		"id": 8,
		"title": "Images Editing Tools",
		"description": "Create a favicon, compress or resize a picture with a single click. All essentials for image editing are available in one place.",
		"align": "start",
		"background": "bg-teal",
		"sort": 2
	},
	{
		"id": 9,
		"title": "Other Tools",
		"description": "Other useful tools that will help you in your daily online activities.",
		"align": "start",
		"background": "bg-teal",
		"sort": 8
	},
	{
		"id": 10,
		"title": "Website Management Tools",
		"description": "If you struggle to get more traffic and enhance your website performance, use these website management tools.",
		"align": "start",
		"background": "bg-teal",
		"sort": 6
	},
	{
		"id": 11,
		"title": "Text Content Tools",
		"description": "A complete set of text tools is now at your fingertips. Create dummy text, count words, or change the text case.",
		"align": "start",
		"background": "bg-teal",
		"sort": 1
	},
	{
		"id": 14,
		"title": "Development Tools",
		"description": "A collection of useful online tools to clean up your JSON, remove whitespace, formatting, and more.",
		"align": "start",
		"background": "bg-teal",
		"sort": 7
	},
	{
		"id": 15,
		"title": "Unit Converter Tools",
		"description": "Access our most popular converters below to quickly convert currency rates, temperature, area, and more.",
		"align": "start",
		"background": "bg-teal",
		"sort": 4
	},
	{
		"id": 16,
		"title": "Binary Converter Tools",
		"description": "A collection of useful utilities for working with binary values.",
		"align": "start",
		"background": "bg-teal",
		"sort": 5
	},
	{
		"id": 17,
		"title": "Online Calculators",
		"description": "Use this basic calculator online with an extensive collection of calculators on math, finance, fitness, and more.",
		"align": "start",
		"background": "bg-teal",
		"sort": 3
	}
]